table,slot,entry_kind,target
c_op8xext16_table,0x00,handler,_add_ext16_i
c_op8xext16_table,0x01,handler,_or_ext16_i
c_op8xext16_table,0x02,handler,_adc_ext16_i
c_op8xext16_table,0x03,handler,_sbb_ext16_i
c_op8xext16_table,0x04,handler,_and_ext16_i
c_op8xext16_table,0x05,handler,_sub_ext16_i
c_op8xext16_table,0x06,handler,_xor_ext16_i
c_op8xext16_table,0x07,handler,_cmp_ext16_i
c_op8xext8_table,0x00,handler,_add_ext8_i
c_op8xext8_table,0x01,handler,_or_ext8_i
c_op8xext8_table,0x02,handler,_adc_ext8_i
c_op8xext8_table,0x03,handler,_sbb_ext8_i
c_op8xext8_table,0x04,handler,_and_ext8_i
c_op8xext8_table,0x05,handler,_sub_ext8_i
c_op8xext8_table,0x06,handler,_xor_ext8_i
c_op8xext8_table,0x07,handler,_cmp_ext8_i
c_op8xreg16_table,0x00,handler,_add_r16_i
c_op8xreg16_table,0x01,handler,_or_r16_i
c_op8xreg16_table,0x02,handler,_adc_r16_i
c_op8xreg16_table,0x03,handler,_sbb_r16_i
c_op8xreg16_table,0x04,handler,_and_r16_i
c_op8xreg16_table,0x05,handler,_sub_r16_i
c_op8xreg16_table,0x06,handler,_xor_r16_i
c_op8xreg16_table,0x07,handler,_cmp_r16_i
c_op8xreg8_table,0x00,handler,_add_r8_i
c_op8xreg8_table,0x01,handler,_or_r8_i
c_op8xreg8_table,0x02,handler,_adc_r8_i
c_op8xreg8_table,0x03,handler,_sbb_r8_i
c_op8xreg8_table,0x04,handler,_and_r8_i
c_op8xreg8_table,0x05,handler,_sub_r8_i
c_op8xreg8_table,0x06,handler,_xor_r8_i
c_op8xreg8_table,0x07,handler,_cmp_r8_i
c_ope0xf6_table,0x00,handler,_test_ea8_data8
c_ope0xf6_table,0x01,handler,_test_ea8_data8
c_ope0xf6_table,0x02,handler,_not_ea8
c_ope0xf6_table,0x03,handler,_neg_ea8
c_ope0xf6_table,0x04,handler,_mul_ea8
c_ope0xf6_table,0x05,handler,_imul_ea8
c_ope0xf6_table,0x06,handler,_div_ea8
c_ope0xf6_table,0x07,handler,_idiv_ea8
c_ope0xf7_table,0x00,handler,_test_ea16_data16
c_ope0xf7_table,0x01,handler,_test_ea16_data16
c_ope0xf7_table,0x02,handler,_not_ea16
c_ope0xf7_table,0x03,handler,_neg_ea16
c_ope0xf7_table,0x04,handler,_mul_ea16
c_ope0xf7_table,0x05,handler,_imul_ea16
c_ope0xf7_table,0x06,handler,_div_ea16
c_ope0xf7_table,0x07,handler,_idiv_ea16
c_ope0xfe_table,0x00,handler,_inc_ea8
c_ope0xfe_table,0x01,handler,_dec_ea8
c_ope0xff_table,0x00,handler,_inc_ea16
c_ope0xff_table,0x01,handler,_dec_ea16
c_ope0xff_table,0x02,handler,_call_ea16
c_ope0xff_table,0x03,handler,_call_far_ea16
c_ope0xff_table,0x04,handler,_jmp_ea16
c_ope0xff_table,0x05,handler,_jmp_far_ea16
c_ope0xff_table,0x06,handler,_push_ea16
c_ope0xff_table,0x07,handler,_push_ff7_ea16
handler:_calc_ea16_i16,-,secondary-table,c_op8xext16_table
handler:_calc_ea16_i16,-,secondary-table,c_op8xreg16_table
handler:_calc_ea16_i8,-,secondary-table,c_op8xext16_table
handler:_calc_ea16_i8,-,secondary-table,c_op8xreg16_table
handler:_calc_ea8_i8,-,secondary-table,c_op8xext8_table
handler:_calc_ea8_i8,-,secondary-table,c_op8xreg8_table
handler:_mov_al_imm,-,secondary-table,sft_e8cl_table
handler:_mov_al_imm,-,secondary-table,sft_r8cl_table
handler:_ope0x0f,-,secondary-table,upd9002_ope0x0f_table
handler:_ope0xf6,-,secondary-table,c_ope0xf6_table
handler:_ope0xf7,-,secondary-table,c_ope0xf7_table
handler:_ope0xfe,-,secondary-table,c_ope0xfe_table
handler:_ope0xff,-,secondary-table,c_ope0xff_table
handler:_repc,-,secondary-table,upd9002op_repc
handler:_repc_segprefix_cs,-,secondary-table,upd9002op_repc
handler:_repc_segprefix_ds,-,secondary-table,upd9002op_repc
handler:_repc_segprefix_es,-,secondary-table,upd9002op_repc
handler:_repc_segprefix_ss,-,secondary-table,upd9002op_repc
handler:_repe,-,secondary-table,upd9002op_repe
handler:_repe_segprefix_cs,-,secondary-table,upd9002op_repe
handler:_repe_segprefix_ds,-,secondary-table,upd9002op_repe
handler:_repe_segprefix_es,-,secondary-table,upd9002op_repe
handler:_repe_segprefix_ss,-,secondary-table,upd9002op_repe
handler:_repnc,-,secondary-table,upd9002op_repnc
handler:_repnc_segprefix_cs,-,secondary-table,upd9002op_repnc
handler:_repnc_segprefix_ds,-,secondary-table,upd9002op_repnc
handler:_repnc_segprefix_es,-,secondary-table,upd9002op_repnc
handler:_repnc_segprefix_ss,-,secondary-table,upd9002op_repnc
handler:_repne,-,secondary-table,upd9002op_repne
handler:_repne_segprefix_cs,-,secondary-table,upd9002op_repne
handler:_repne_segprefix_ds,-,secondary-table,upd9002op_repne
handler:_repne_segprefix_es,-,secondary-table,upd9002op_repne
handler:_repne_segprefix_ss,-,secondary-table,upd9002op_repne
handler:_segprefix_cs,-,secondary-table,upd9002op
handler:_segprefix_ds,-,secondary-table,upd9002op
handler:_segprefix_es,-,secondary-table,upd9002op
handler:_segprefix_ss,-,secondary-table,upd9002op
handler:_shift_ea16_1,-,secondary-table,sft_e16_table
handler:_shift_ea16_1,-,secondary-table,sft_r16_table
handler:_shift_ea16_cl,-,secondary-table,sft_e16cl_table
handler:_shift_ea16_cl,-,secondary-table,sft_r16cl_table
handler:_shift_ea16_data8,-,secondary-table,sft_e16cl_table
handler:_shift_ea16_data8,-,secondary-table,sft_r16cl_table
handler:_shift_ea8_1,-,secondary-table,sft_e8_table
handler:_shift_ea8_1,-,secondary-table,sft_r8_table
handler:_shift_ea8_cl,-,secondary-table,sft_e8cl_table
handler:_shift_ea8_cl,-,secondary-table,sft_r8cl_table
sft_e16_table,0x00,handler,_rol_e16_1
sft_e16_table,0x01,handler,_ror_e16_1
sft_e16_table,0x02,handler,_rcl_e16_1
sft_e16_table,0x03,handler,_rcr_e16_1
sft_e16_table,0x04,handler,_shl_e16_1
sft_e16_table,0x05,handler,_shr_e16_1
sft_e16_table,0x06,handler,_shl_e16_1
sft_e16_table,0x07,handler,_sar_e16_1
sft_e16cl_table,0x00,handler,_rol_e16_cl
sft_e16cl_table,0x01,handler,_ror_e16_cl
sft_e16cl_table,0x02,handler,_rcl_e16_cl
sft_e16cl_table,0x03,handler,_rcr_e16_cl
sft_e16cl_table,0x04,handler,_shl_e16_cl
sft_e16cl_table,0x05,handler,_shr_e16_cl
sft_e16cl_table,0x06,handler,_shl_e16_cl
sft_e16cl_table,0x07,handler,_sar_e16_cl
sft_e8_table,0x00,handler,_rol_e8_1
sft_e8_table,0x01,handler,_ror_e8_1
sft_e8_table,0x02,handler,_rcl_e8_1
sft_e8_table,0x03,handler,_rcr_e8_1
sft_e8_table,0x04,handler,_shl_e8_1
sft_e8_table,0x05,handler,_shr_e8_1
sft_e8_table,0x06,handler,_shl_e8_1
sft_e8_table,0x07,handler,_sar_e8_1
sft_e8cl_table,0x00,handler,_rol_e8_cl
sft_e8cl_table,0x01,handler,_ror_e8_cl
sft_e8cl_table,0x02,handler,_rcl_e8_cl
sft_e8cl_table,0x03,handler,_rcr_e8_cl
sft_e8cl_table,0x04,handler,_shl_e8_cl
sft_e8cl_table,0x05,handler,_shr_e8_cl
sft_e8cl_table,0x06,handler,_shl_e8_cl
sft_e8cl_table,0x07,handler,_sar_e8_cl
sft_r16_table,0x00,handler,_rol_r16_1
sft_r16_table,0x01,handler,_ror_r16_1
sft_r16_table,0x02,handler,_rcl_r16_1
sft_r16_table,0x03,handler,_rcr_r16_1
sft_r16_table,0x04,handler,_shl_r16_1
sft_r16_table,0x05,handler,_shr_r16_1
sft_r16_table,0x06,handler,_shl_r16_1
sft_r16_table,0x07,handler,_sar_r16_1
sft_r16cl_table,0x00,handler,_rol_r16_cl
sft_r16cl_table,0x01,handler,_ror_r16_cl
sft_r16cl_table,0x02,handler,_rcl_r16_cl
sft_r16cl_table,0x03,handler,_rcr_r16_cl
sft_r16cl_table,0x04,handler,_shl_r16_cl
sft_r16cl_table,0x05,handler,_shr_r16_cl
sft_r16cl_table,0x06,handler,_shl_r16_cl
sft_r16cl_table,0x07,handler,_sar_r16_cl
sft_r8_table,0x00,handler,_rol_r8_1
sft_r8_table,0x01,handler,_ror_r8_1
sft_r8_table,0x02,handler,_rcl_r8_1
sft_r8_table,0x03,handler,_rcr_r8_1
sft_r8_table,0x04,handler,_shl_r8_1
sft_r8_table,0x05,handler,_shr_r8_1
sft_r8_table,0x06,handler,_shl_r8_1
sft_r8_table,0x07,handler,_sar_r8_1
sft_r8cl_table,0x00,handler,_rol_r8_cl
sft_r8cl_table,0x01,handler,_ror_r8_cl
sft_r8cl_table,0x02,handler,_rcl_r8_cl
sft_r8cl_table,0x03,handler,_rcr_r8_cl
sft_r8cl_table,0x04,handler,_shl_r8_cl
sft_r8cl_table,0x05,handler,_shr_r8_cl
sft_r8cl_table,0x06,handler,_shl_r8_cl
sft_r8cl_table,0x07,handler,_sar_r8_cl
upd9002_ope0x0f_table,0x00,handler,_reserved_0x0f
upd9002_ope0x0f_table,0x01,handler,_reserved_0x0f
upd9002_ope0x0f_table,0x02,handler,_reserved_0x0f
upd9002_ope0x0f_table,0x03,handler,_reserved_0x0f
upd9002_ope0x0f_table,0x04,handler,_reserved_0x0f
upd9002_ope0x0f_table,0x05,handler,_reserved_0x0f
upd9002_ope0x0f_table,0x06,handler,_reserved_0x0f
upd9002_ope0x0f_table,0x07,handler,_reserved_0x0f
upd9002_ope0x0f_table,0x08,handler,_reserved_0x0f
upd9002_ope0x0f_table,0x09,handler,_reserved_0x0f
upd9002_ope0x0f_table,0x0a,handler,_reserved_0x0f
upd9002_ope0x0f_table,0x0b,handler,_reserved_0x0f
upd9002_ope0x0f_table,0x0c,handler,_reserved_0x0f
upd9002_ope0x0f_table,0x0d,handler,_reserved_0x0f
upd9002_ope0x0f_table,0x0e,handler,_reserved_0x0f
upd9002_ope0x0f_table,0x0f,handler,_reserved_0x0f
upd9002_ope0x0f_table,0x10,handler,_test1_ea8_cl
upd9002_ope0x0f_table,0x11,handler,_test1_ea16_cl
upd9002_ope0x0f_table,0x12,handler,_clr1_ea8_cl
upd9002_ope0x0f_table,0x13,handler,_clr1_ea16_cl
upd9002_ope0x0f_table,0x14,handler,_set1_ea8_cl
upd9002_ope0x0f_table,0x15,handler,_set1_ea16_cl
upd9002_ope0x0f_table,0x16,handler,_not1_ea8_cl
upd9002_ope0x0f_table,0x17,handler,_not1_ea16_cl
upd9002_ope0x0f_table,0x18,handler,_test1_ea8_i3
upd9002_ope0x0f_table,0x19,handler,_test1_ea16_i4
upd9002_ope0x0f_table,0x1a,handler,_clr1_ea8_i3
upd9002_ope0x0f_table,0x1b,handler,_clr1_ea16_i4
upd9002_ope0x0f_table,0x1c,handler,_set1_ea8_i3
upd9002_ope0x0f_table,0x1d,handler,_set1_ea16_i4
upd9002_ope0x0f_table,0x1e,handler,_not1_ea8_i3
upd9002_ope0x0f_table,0x1f,handler,_not1_ea16_i4
upd9002_ope0x0f_table,0x20,handler,_add4s
upd9002_ope0x0f_table,0x21,handler,_reserved_0x0f
upd9002_ope0x0f_table,0x22,handler,_sub4s
upd9002_ope0x0f_table,0x23,handler,_reserved_0x0f
upd9002_ope0x0f_table,0x24,handler,_reserved_0x0f
upd9002_ope0x0f_table,0x25,handler,_reserved_0x0f
upd9002_ope0x0f_table,0x26,handler,_cmp4s
upd9002_ope0x0f_table,0x27,handler,_reserved_0x0f
upd9002_ope0x0f_table,0x28,handler,_rol4_ea8
upd9002_ope0x0f_table,0x29,handler,_reserved_0x0f
upd9002_ope0x0f_table,0x2a,handler,_ror4_ea8
upd9002_ope0x0f_table,0x2b,handler,_reserved_0x0f
upd9002_ope0x0f_table,0x2c,handler,_reserved_0x0f
upd9002_ope0x0f_table,0x2d,handler,_reserved_0x0f
upd9002_ope0x0f_table,0x2e,handler,_reserved_0x0f
upd9002_ope0x0f_table,0x2f,handler,_reserved_0x0f
upd9002_ope0x0f_table,0x30,handler,_reserved_0x0f
upd9002_ope0x0f_table,0x31,handler,_reserved_0x0f
upd9002_ope0x0f_table,0x32,handler,_reserved_0x0f
upd9002_ope0x0f_table,0x33,handler,_reserved_0x0f
upd9002_ope0x0f_table,0x34,handler,_reserved_0x0f
upd9002_ope0x0f_table,0x35,handler,_reserved_0x0f
upd9002_ope0x0f_table,0x36,handler,_reserved_0x0f
upd9002_ope0x0f_table,0x37,handler,_reserved_0x0f
upd9002_ope0x0f_table,0x38,handler,_reserved_0x0f
upd9002_ope0x0f_table,0x39,handler,_reserved_0x0f
upd9002_ope0x0f_table,0x3a,handler,_reserved_0x0f
upd9002_ope0x0f_table,0x3b,handler,_reserved_0x0f
upd9002_ope0x0f_table,0x3c,handler,_reserved_0x0f
upd9002_ope0x0f_table,0x3d,handler,_reserved_0x0f
upd9002_ope0x0f_table,0x3e,handler,_reserved_0x0f
upd9002_ope0x0f_table,0x3f,handler,_reserved_0x0f
upd9002op,0x00,handler,_add_ea_r8
upd9002op,0x01,handler,_add_ea_r16
upd9002op,0x02,handler,_add_r8_ea
upd9002op,0x03,handler,_add_r16_ea
upd9002op,0x04,handler,_add_al_data8
upd9002op,0x05,handler,_add_ax_data16
upd9002op,0x06,handler,_push_es
upd9002op,0x07,handler,_pop_es
upd9002op,0x08,handler,_or_ea_r8
upd9002op,0x09,handler,_or_ea_r16
upd9002op,0x0a,handler,_or_r8_ea
upd9002op,0x0b,handler,_or_r16_ea
upd9002op,0x0c,handler,_or_al_data8
upd9002op,0x0d,handler,_or_ax_data16
upd9002op,0x0e,handler,_push_cs
upd9002op,0x0f,handler,_ope0x0f
upd9002op,0x10,handler,_adc_ea_r8
upd9002op,0x11,handler,_adc_ea_r16
upd9002op,0x12,handler,_adc_r8_ea
upd9002op,0x13,handler,_adc_r16_ea
upd9002op,0x14,handler,_adc_al_data8
upd9002op,0x15,handler,_adc_ax_data16
upd9002op,0x16,handler,_push_ss
upd9002op,0x17,handler,_pop_ss
upd9002op,0x18,handler,_sbb_ea_r8
upd9002op,0x19,handler,_sbb_ea_r16
upd9002op,0x1a,handler,_sbb_r8_ea
upd9002op,0x1b,handler,_sbb_r16_ea
upd9002op,0x1c,handler,_sbb_al_data8
upd9002op,0x1d,handler,_sbb_ax_data16
upd9002op,0x1e,handler,_push_ds
upd9002op,0x1f,handler,_pop_ds
upd9002op,0x20,handler,_and_ea_r8
upd9002op,0x21,handler,_and_ea_r16
upd9002op,0x22,handler,_and_r8_ea
upd9002op,0x23,handler,_and_r16_ea
upd9002op,0x24,handler,_and_al_data8
upd9002op,0x25,handler,_and_ax_data16
upd9002op,0x26,handler,_segprefix_es
upd9002op,0x27,handler,_daa
upd9002op,0x28,handler,_sub_ea_r8
upd9002op,0x29,handler,_sub_ea_r16
upd9002op,0x2a,handler,_sub_r8_ea
upd9002op,0x2b,handler,_sub_r16_ea
upd9002op,0x2c,handler,_sub_al_data8
upd9002op,0x2d,handler,_sub_ax_data16
upd9002op,0x2e,handler,_segprefix_cs
upd9002op,0x2f,handler,_das
upd9002op,0x30,handler,_xor_ea_r8
upd9002op,0x31,handler,_xor_ea_r16
upd9002op,0x32,handler,_xor_r8_ea
upd9002op,0x33,handler,_xor_r16_ea
upd9002op,0x34,handler,_xor_al_data8
upd9002op,0x35,handler,_xor_ax_data16
upd9002op,0x36,handler,_segprefix_ss
upd9002op,0x37,handler,_aaa
upd9002op,0x38,handler,_cmp_ea_r8
upd9002op,0x39,handler,_cmp_ea_r16
upd9002op,0x3a,handler,_cmp_r8_ea
upd9002op,0x3b,handler,_cmp_r16_ea
upd9002op,0x3c,handler,_cmp_al_data8
upd9002op,0x3d,handler,_cmp_ax_data16
upd9002op,0x3e,handler,_segprefix_ds
upd9002op,0x3f,handler,_aas
upd9002op,0x40,handler,_inc_ax
upd9002op,0x41,handler,_inc_cx
upd9002op,0x42,handler,_inc_dx
upd9002op,0x43,handler,_inc_bx
upd9002op,0x44,handler,_inc_sp
upd9002op,0x45,handler,_inc_bp
upd9002op,0x46,handler,_inc_si
upd9002op,0x47,handler,_inc_di
upd9002op,0x48,handler,_dec_ax
upd9002op,0x49,handler,_dec_cx
upd9002op,0x4a,handler,_dec_dx
upd9002op,0x4b,handler,_dec_bx
upd9002op,0x4c,handler,_dec_sp
upd9002op,0x4d,handler,_dec_bp
upd9002op,0x4e,handler,_dec_si
upd9002op,0x4f,handler,_dec_di
upd9002op,0x50,handler,_push_ax
upd9002op,0x51,handler,_push_cx
upd9002op,0x52,handler,_push_dx
upd9002op,0x53,handler,_push_bx
upd9002op,0x54,handler,_push_sp
upd9002op,0x55,handler,_push_bp
upd9002op,0x56,handler,_push_si
upd9002op,0x57,handler,_push_di
upd9002op,0x58,handler,_pop_ax
upd9002op,0x59,handler,_pop_cx
upd9002op,0x5a,handler,_pop_dx
upd9002op,0x5b,handler,_pop_bx
upd9002op,0x5c,handler,_pop_sp
upd9002op,0x5d,handler,_pop_bp
upd9002op,0x5e,handler,_pop_si
upd9002op,0x5f,handler,_pop_di
upd9002op,0x60,handler,_pusha
upd9002op,0x61,handler,_popa
upd9002op,0x62,handler,_bound
upd9002op,0x63,handler,_reserved_no_int
upd9002op,0x64,handler,_repnc
upd9002op,0x65,handler,_repc
upd9002op,0x66,handler,_reserved_no_int
upd9002op,0x67,handler,_reserved_no_int
upd9002op,0x68,handler,_push_data16
upd9002op,0x69,handler,_imul_reg_ea_data16
upd9002op,0x6a,handler,_push_data8
upd9002op,0x6b,handler,_imul_reg_ea_data8
upd9002op,0x6c,handler,_insb
upd9002op,0x6d,handler,_insw
upd9002op,0x6e,handler,_outsb
upd9002op,0x6f,handler,_outsw
upd9002op,0x70,handler,_jo_short
upd9002op,0x71,handler,_jno_short
upd9002op,0x72,handler,_jc_short
upd9002op,0x73,handler,_jnc_short
upd9002op,0x74,handler,_jz_short
upd9002op,0x75,handler,_jnz_short
upd9002op,0x76,handler,_jna_short
upd9002op,0x77,handler,_ja_short
upd9002op,0x78,handler,_js_short
upd9002op,0x79,handler,_jns_short
upd9002op,0x7a,handler,_jp_short
upd9002op,0x7b,handler,_jnp_short
upd9002op,0x7c,handler,_jl_short
upd9002op,0x7d,handler,_jnl_short
upd9002op,0x7e,handler,_jle_short
upd9002op,0x7f,handler,_jnle_short
upd9002op,0x80,handler,_calc_ea8_i8
upd9002op,0x81,handler,_calc_ea16_i16
upd9002op,0x82,handler,_calc_ea8_i8
upd9002op,0x83,handler,_calc_ea16_i8
upd9002op,0x84,handler,_test_ea_r8
upd9002op,0x85,handler,_test_ea_r16
upd9002op,0x86,handler,_xchg_ea_r8
upd9002op,0x87,handler,_xchg_ea_r16
upd9002op,0x88,handler,_mov_ea_r8
upd9002op,0x89,handler,_mov_ea_r16
upd9002op,0x8a,handler,_mov_r8_ea
upd9002op,0x8b,handler,_mov_r16_ea
upd9002op,0x8c,handler,_mov_ea_seg
upd9002op,0x8d,handler,_lea_r16_ea
upd9002op,0x8e,handler,_mov_seg_ea
upd9002op,0x8f,handler,_pop_ea
upd9002op,0x90,handler,_nop
upd9002op,0x91,handler,_xchg_ax_cx
upd9002op,0x92,handler,_xchg_ax_dx
upd9002op,0x93,handler,_xchg_ax_bx
upd9002op,0x94,handler,_xchg_ax_sp
upd9002op,0x95,handler,_xchg_ax_bp
upd9002op,0x96,handler,_xchg_ax_si
upd9002op,0x97,handler,_xchg_ax_di
upd9002op,0x98,handler,_cbw
upd9002op,0x99,handler,_cwd
upd9002op,0x9a,handler,_call_far
upd9002op,0x9b,handler,_wait
upd9002op,0x9c,handler,_pushf
upd9002op,0x9d,handler,_popf
upd9002op,0x9e,handler,_sahf
upd9002op,0x9f,handler,_lahf
upd9002op,0xa0,handler,_mov_al_m8
upd9002op,0xa1,handler,_mov_ax_m16
upd9002op,0xa2,handler,_mov_m8_al
upd9002op,0xa3,handler,_mov_m16_ax
upd9002op,0xa4,handler,_movsb
upd9002op,0xa5,handler,_movsw
upd9002op,0xa6,handler,_cmpsb
upd9002op,0xa7,handler,_cmpsw
upd9002op,0xa8,handler,_test_al_data8
upd9002op,0xa9,handler,_test_ax_data16
upd9002op,0xaa,handler,_stosb
upd9002op,0xab,handler,_stosw
upd9002op,0xac,handler,_lodsb
upd9002op,0xad,handler,_lodsw
upd9002op,0xae,handler,_scasb
upd9002op,0xaf,handler,_scasw
upd9002op,0xb0,handler,_mov_al_imm
upd9002op,0xb1,handler,_mov_cl_imm
upd9002op,0xb2,handler,_mov_dl_imm
upd9002op,0xb3,handler,_mov_bl_imm
upd9002op,0xb4,handler,_mov_ah_imm
upd9002op,0xb5,handler,_mov_ch_imm
upd9002op,0xb6,handler,_mov_dh_imm
upd9002op,0xb7,handler,_mov_bh_imm
upd9002op,0xb8,handler,_mov_ax_imm
upd9002op,0xb9,handler,_mov_cx_imm
upd9002op,0xba,handler,_mov_dx_imm
upd9002op,0xbb,handler,_mov_bx_imm
upd9002op,0xbc,handler,_mov_sp_imm
upd9002op,0xbd,handler,_mov_bp_imm
upd9002op,0xbe,handler,_mov_si_imm
upd9002op,0xbf,handler,_mov_di_imm
upd9002op,0xc0,handler,_shift_ea8_data8
upd9002op,0xc1,handler,_shift_ea16_data8
upd9002op,0xc2,handler,_ret_near_data16
upd9002op,0xc3,handler,_ret_near
upd9002op,0xc4,handler,_les_r16_ea
upd9002op,0xc5,handler,_lds_r16_ea
upd9002op,0xc6,handler,_mov_ea8_data8
upd9002op,0xc7,handler,_mov_ea16_data16
upd9002op,0xc8,handler,_enter
upd9002op,0xc9,handler,fleave
upd9002op,0xca,handler,_ret_far_data16
upd9002op,0xcb,handler,_ret_far
upd9002op,0xcc,handler,_int_03
upd9002op,0xcd,handler,_int_data8
upd9002op,0xce,handler,_into
upd9002op,0xcf,handler,_iret
upd9002op,0xd0,handler,_shift_ea8_1
upd9002op,0xd1,handler,_shift_ea16_1
upd9002op,0xd2,handler,_shift_ea8_cl
upd9002op,0xd3,handler,_shift_ea16_cl
upd9002op,0xd4,handler,_aam
upd9002op,0xd5,handler,_aad
upd9002op,0xd6,handler,_xlat
upd9002op,0xd7,handler,_xlat
upd9002op,0xd8,handler,_esc
upd9002op,0xd9,handler,_esc
upd9002op,0xda,handler,_esc
upd9002op,0xdb,handler,_esc
upd9002op,0xdc,handler,_esc
upd9002op,0xdd,handler,_esc
upd9002op,0xde,handler,_esc
upd9002op,0xdf,handler,_esc
upd9002op,0xe0,handler,_loopnz
upd9002op,0xe1,handler,_loopz
upd9002op,0xe2,handler,_loop
upd9002op,0xe3,handler,_jcxz
upd9002op,0xe4,handler,_in_al_data8
upd9002op,0xe5,handler,_in_ax_data8
upd9002op,0xe6,handler,_out_data8_al
upd9002op,0xe7,handler,_out_data8_ax
upd9002op,0xe8,handler,_call_near
upd9002op,0xe9,handler,_jmp_near
upd9002op,0xea,handler,_jmp_far
upd9002op,0xeb,handler,_jmp_short
upd9002op,0xec,handler,_in_al_dx
upd9002op,0xed,handler,_in_ax_dx
upd9002op,0xee,handler,_out_dx_al
upd9002op,0xef,handler,_out_dx_ax
upd9002op,0xf0,handler,_lock
upd9002op,0xf1,handler,_lock
upd9002op,0xf2,handler,_repne
upd9002op,0xf3,handler,_repe
upd9002op,0xf4,handler,_hlt
upd9002op,0xf5,handler,_cmc
upd9002op,0xf6,handler,_ope0xf6
upd9002op,0xf7,handler,_ope0xf7
upd9002op,0xf8,handler,_clc
upd9002op,0xf9,handler,_stc
upd9002op,0xfa,handler,_cli
upd9002op,0xfb,handler,_sti
upd9002op,0xfc,handler,_cld
upd9002op,0xfd,handler,_std
upd9002op,0xfe,handler,_ope0xfe
upd9002op,0xff,handler,_ope0xff
upd9002op_repc,0x00,handler,_reserved_repc
upd9002op_repc,0x01,handler,_reserved_repc
upd9002op_repc,0x02,handler,_reserved_repc
upd9002op_repc,0x03,handler,_reserved_repc
upd9002op_repc,0x04,handler,_reserved_repc
upd9002op_repc,0x05,handler,_reserved_repc
upd9002op_repc,0x06,handler,_reserved_repc
upd9002op_repc,0x07,handler,_reserved_repc
upd9002op_repc,0x08,handler,_reserved_repc
upd9002op_repc,0x09,handler,_reserved_repc
upd9002op_repc,0x0a,handler,_reserved_repc
upd9002op_repc,0x0b,handler,_reserved_repc
upd9002op_repc,0x0c,handler,_reserved_repc
upd9002op_repc,0x0d,handler,_reserved_repc
upd9002op_repc,0x0e,handler,_reserved_repc
upd9002op_repc,0x0f,handler,_reserved_repc
upd9002op_repc,0x10,handler,_reserved_repc
upd9002op_repc,0x11,handler,_reserved_repc
upd9002op_repc,0x12,handler,_reserved_repc
upd9002op_repc,0x13,handler,_reserved_repc
upd9002op_repc,0x14,handler,_reserved_repc
upd9002op_repc,0x15,handler,_reserved_repc
upd9002op_repc,0x16,handler,_reserved_repc
upd9002op_repc,0x17,handler,_reserved_repc
upd9002op_repc,0x18,handler,_reserved_repc
upd9002op_repc,0x19,handler,_reserved_repc
upd9002op_repc,0x1a,handler,_reserved_repc
upd9002op_repc,0x1b,handler,_reserved_repc
upd9002op_repc,0x1c,handler,_reserved_repc
upd9002op_repc,0x1d,handler,_reserved_repc
upd9002op_repc,0x1e,handler,_reserved_repc
upd9002op_repc,0x1f,handler,_reserved_repc
upd9002op_repc,0x20,handler,_reserved_repc
upd9002op_repc,0x21,handler,_reserved_repc
upd9002op_repc,0x22,handler,_reserved_repc
upd9002op_repc,0x23,handler,_reserved_repc
upd9002op_repc,0x24,handler,_reserved_repc
upd9002op_repc,0x25,handler,_reserved_repc
upd9002op_repc,0x26,handler,_repc_segprefix_es
upd9002op_repc,0x27,handler,_reserved_repc
upd9002op_repc,0x28,handler,_reserved_repc
upd9002op_repc,0x29,handler,_reserved_repc
upd9002op_repc,0x2a,handler,_reserved_repc
upd9002op_repc,0x2b,handler,_reserved_repc
upd9002op_repc,0x2c,handler,_reserved_repc
upd9002op_repc,0x2d,handler,_reserved_repc
upd9002op_repc,0x2e,handler,_repc_segprefix_cs
upd9002op_repc,0x2f,handler,_reserved_repc
upd9002op_repc,0x30,handler,_reserved_repc
upd9002op_repc,0x31,handler,_reserved_repc
upd9002op_repc,0x32,handler,_reserved_repc
upd9002op_repc,0x33,handler,_reserved_repc
upd9002op_repc,0x34,handler,_reserved_repc
upd9002op_repc,0x35,handler,_reserved_repc
upd9002op_repc,0x36,handler,_repc_segprefix_ss
upd9002op_repc,0x37,handler,_reserved_repc
upd9002op_repc,0x38,handler,_reserved_repc
upd9002op_repc,0x39,handler,_reserved_repc
upd9002op_repc,0x3a,handler,_reserved_repc
upd9002op_repc,0x3b,handler,_reserved_repc
upd9002op_repc,0x3c,handler,_reserved_repc
upd9002op_repc,0x3d,handler,_reserved_repc
upd9002op_repc,0x3e,handler,_repc_segprefix_ds
upd9002op_repc,0x3f,handler,_reserved_repc
upd9002op_repc,0x40,handler,_reserved_repc
upd9002op_repc,0x41,handler,_reserved_repc
upd9002op_repc,0x42,handler,_reserved_repc
upd9002op_repc,0x43,handler,_reserved_repc
upd9002op_repc,0x44,handler,_reserved_repc
upd9002op_repc,0x45,handler,_reserved_repc
upd9002op_repc,0x46,handler,_reserved_repc
upd9002op_repc,0x47,handler,_reserved_repc
upd9002op_repc,0x48,handler,_reserved_repc
upd9002op_repc,0x49,handler,_reserved_repc
upd9002op_repc,0x4a,handler,_reserved_repc
upd9002op_repc,0x4b,handler,_reserved_repc
upd9002op_repc,0x4c,handler,_reserved_repc
upd9002op_repc,0x4d,handler,_reserved_repc
upd9002op_repc,0x4e,handler,_reserved_repc
upd9002op_repc,0x4f,handler,_reserved_repc
upd9002op_repc,0x50,handler,_reserved_repc
upd9002op_repc,0x51,handler,_reserved_repc
upd9002op_repc,0x52,handler,_reserved_repc
upd9002op_repc,0x53,handler,_reserved_repc
upd9002op_repc,0x54,handler,_reserved_repc
upd9002op_repc,0x55,handler,_reserved_repc
upd9002op_repc,0x56,handler,_reserved_repc
upd9002op_repc,0x57,handler,_reserved_repc
upd9002op_repc,0x58,handler,_reserved_repc
upd9002op_repc,0x59,handler,_reserved_repc
upd9002op_repc,0x5a,handler,_reserved_repc
upd9002op_repc,0x5b,handler,_reserved_repc
upd9002op_repc,0x5c,handler,_reserved_repc
upd9002op_repc,0x5d,handler,_reserved_repc
upd9002op_repc,0x5e,handler,_reserved_repc
upd9002op_repc,0x5f,handler,_reserved_repc
upd9002op_repc,0x60,handler,_reserved_repc
upd9002op_repc,0x61,handler,_reserved_repc
upd9002op_repc,0x62,handler,_reserved_repc
upd9002op_repc,0x63,handler,_reserved_repc
upd9002op_repc,0x64,handler,_repnc
upd9002op_repc,0x65,handler,_repc
upd9002op_repc,0x66,handler,_reserved_repc
upd9002op_repc,0x67,handler,_reserved_repc
upd9002op_repc,0x68,handler,_reserved_repc
upd9002op_repc,0x69,handler,_reserved_repc
upd9002op_repc,0x6a,handler,_reserved_repc
upd9002op_repc,0x6b,handler,_reserved_repc
upd9002op_repc,0x6c,handler,_reserved_repc
upd9002op_repc,0x6d,handler,_reserved_repc
upd9002op_repc,0x6e,handler,_reserved_repc
upd9002op_repc,0x6f,handler,_reserved_repc
upd9002op_repc,0x70,handler,_reserved_repc
upd9002op_repc,0x71,handler,_reserved_repc
upd9002op_repc,0x72,handler,_reserved_repc
upd9002op_repc,0x73,handler,_reserved_repc
upd9002op_repc,0x74,handler,_reserved_repc
upd9002op_repc,0x75,handler,_reserved_repc
upd9002op_repc,0x76,handler,_reserved_repc
upd9002op_repc,0x77,handler,_reserved_repc
upd9002op_repc,0x78,handler,_reserved_repc
upd9002op_repc,0x79,handler,_reserved_repc
upd9002op_repc,0x7a,handler,_reserved_repc
upd9002op_repc,0x7b,handler,_reserved_repc
upd9002op_repc,0x7c,handler,_reserved_repc
upd9002op_repc,0x7d,handler,_reserved_repc
upd9002op_repc,0x7e,handler,_reserved_repc
upd9002op_repc,0x7f,handler,_reserved_repc
upd9002op_repc,0x80,handler,_reserved_repc
upd9002op_repc,0x81,handler,_reserved_repc
upd9002op_repc,0x82,handler,_reserved_repc
upd9002op_repc,0x83,handler,_reserved_repc
upd9002op_repc,0x84,handler,_reserved_repc
upd9002op_repc,0x85,handler,_reserved_repc
upd9002op_repc,0x86,handler,_reserved_repc
upd9002op_repc,0x87,handler,_reserved_repc
upd9002op_repc,0x88,handler,_reserved_repc
upd9002op_repc,0x89,handler,_reserved_repc
upd9002op_repc,0x8a,handler,_reserved_repc
upd9002op_repc,0x8b,handler,_reserved_repc
upd9002op_repc,0x8c,handler,_reserved_repc
upd9002op_repc,0x8d,handler,_reserved_repc
upd9002op_repc,0x8e,handler,_reserved_repc
upd9002op_repc,0x8f,handler,_reserved_repc
upd9002op_repc,0x90,handler,_reserved_repc
upd9002op_repc,0x91,handler,_reserved_repc
upd9002op_repc,0x92,handler,_reserved_repc
upd9002op_repc,0x93,handler,_reserved_repc
upd9002op_repc,0x94,handler,_reserved_repc
upd9002op_repc,0x95,handler,_reserved_repc
upd9002op_repc,0x96,handler,_reserved_repc
upd9002op_repc,0x97,handler,_reserved_repc
upd9002op_repc,0x98,handler,_reserved_repc
upd9002op_repc,0x99,handler,_reserved_repc
upd9002op_repc,0x9a,handler,_reserved_repc
upd9002op_repc,0x9b,handler,_reserved_repc
upd9002op_repc,0x9c,handler,_reserved_repc
upd9002op_repc,0x9d,handler,_reserved_repc
upd9002op_repc,0x9e,handler,_reserved_repc
upd9002op_repc,0x9f,handler,_reserved_repc
upd9002op_repc,0xa0,handler,_reserved_repc
upd9002op_repc,0xa1,handler,_reserved_repc
upd9002op_repc,0xa2,handler,_reserved_repc
upd9002op_repc,0xa3,handler,_reserved_repc
upd9002op_repc,0xa4,handler,upd9002_repc_movsb
upd9002op_repc,0xa5,handler,upd9002_repc_movsw
upd9002op_repc,0xa6,handler,upd9002_repc_cmpsb
upd9002op_repc,0xa7,handler,upd9002_repc_cmpsw
upd9002op_repc,0xa8,handler,_reserved_repc
upd9002op_repc,0xa9,handler,_reserved_repc
upd9002op_repc,0xaa,handler,upd9002_repc_stosb
upd9002op_repc,0xab,handler,upd9002_repc_stosw
upd9002op_repc,0xac,handler,upd9002_repc_lodsb
upd9002op_repc,0xad,handler,upd9002_repc_lodsw
upd9002op_repc,0xae,handler,upd9002_repc_scasb
upd9002op_repc,0xaf,handler,upd9002_repc_scasw
upd9002op_repc,0xb0,handler,_reserved_repc
upd9002op_repc,0xb1,handler,_reserved_repc
upd9002op_repc,0xb2,handler,_reserved_repc
upd9002op_repc,0xb3,handler,_reserved_repc
upd9002op_repc,0xb4,handler,_reserved_repc
upd9002op_repc,0xb5,handler,_reserved_repc
upd9002op_repc,0xb6,handler,_reserved_repc
upd9002op_repc,0xb7,handler,_reserved_repc
upd9002op_repc,0xb8,handler,_reserved_repc
upd9002op_repc,0xb9,handler,_reserved_repc
upd9002op_repc,0xba,handler,_reserved_repc
upd9002op_repc,0xbb,handler,_reserved_repc
upd9002op_repc,0xbc,handler,_reserved_repc
upd9002op_repc,0xbd,handler,_reserved_repc
upd9002op_repc,0xbe,handler,_reserved_repc
upd9002op_repc,0xbf,handler,_reserved_repc
upd9002op_repc,0xc0,handler,_reserved_repc
upd9002op_repc,0xc1,handler,_reserved_repc
upd9002op_repc,0xc2,handler,_reserved_repc
upd9002op_repc,0xc3,handler,_reserved_repc
upd9002op_repc,0xc4,handler,_reserved_repc
upd9002op_repc,0xc5,handler,_reserved_repc
upd9002op_repc,0xc6,handler,_reserved_repc
upd9002op_repc,0xc7,handler,_reserved_repc
upd9002op_repc,0xc8,handler,_reserved_repc
upd9002op_repc,0xc9,handler,_reserved_repc
upd9002op_repc,0xca,handler,_reserved_repc
upd9002op_repc,0xcb,handler,_reserved_repc
upd9002op_repc,0xcc,handler,_reserved_repc
upd9002op_repc,0xcd,handler,_reserved_repc
upd9002op_repc,0xce,handler,_reserved_repc
upd9002op_repc,0xcf,handler,_reserved_repc
upd9002op_repc,0xd0,handler,_reserved_repc
upd9002op_repc,0xd1,handler,_reserved_repc
upd9002op_repc,0xd2,handler,_reserved_repc
upd9002op_repc,0xd3,handler,_reserved_repc
upd9002op_repc,0xd4,handler,_reserved_repc
upd9002op_repc,0xd5,handler,_reserved_repc
upd9002op_repc,0xd6,handler,_reserved_repc
upd9002op_repc,0xd7,handler,_reserved_repc
upd9002op_repc,0xd8,handler,_reserved_repc
upd9002op_repc,0xd9,handler,_reserved_repc
upd9002op_repc,0xda,handler,_reserved_repc
upd9002op_repc,0xdb,handler,_reserved_repc
upd9002op_repc,0xdc,handler,_reserved_repc
upd9002op_repc,0xdd,handler,_reserved_repc
upd9002op_repc,0xde,handler,_reserved_repc
upd9002op_repc,0xdf,handler,_reserved_repc
upd9002op_repc,0xe0,handler,_reserved_repc
upd9002op_repc,0xe1,handler,_reserved_repc
upd9002op_repc,0xe2,handler,_reserved_repc
upd9002op_repc,0xe3,handler,_reserved_repc
upd9002op_repc,0xe4,handler,_reserved_repc
upd9002op_repc,0xe5,handler,_reserved_repc
upd9002op_repc,0xe6,handler,_reserved_repc
upd9002op_repc,0xe7,handler,_reserved_repc
upd9002op_repc,0xe8,handler,_reserved_repc
upd9002op_repc,0xe9,handler,_reserved_repc
upd9002op_repc,0xea,handler,_reserved_repc
upd9002op_repc,0xeb,handler,_reserved_repc
upd9002op_repc,0xec,handler,_reserved_repc
upd9002op_repc,0xed,handler,_reserved_repc
upd9002op_repc,0xee,handler,_reserved_repc
upd9002op_repc,0xef,handler,_reserved_repc
upd9002op_repc,0xf0,handler,_reserved_repc
upd9002op_repc,0xf1,handler,_reserved_repc
upd9002op_repc,0xf2,handler,_repne
upd9002op_repc,0xf3,handler,_repe
upd9002op_repc,0xf4,handler,_reserved_repc
upd9002op_repc,0xf5,handler,_reserved_repc
upd9002op_repc,0xf6,handler,_reserved_repc
upd9002op_repc,0xf7,handler,_reserved_repc
upd9002op_repc,0xf8,handler,_reserved_repc
upd9002op_repc,0xf9,handler,_reserved_repc
upd9002op_repc,0xfa,handler,_reserved_repc
upd9002op_repc,0xfb,handler,_reserved_repc
upd9002op_repc,0xfc,handler,_reserved_repc
upd9002op_repc,0xfd,handler,_reserved_repc
upd9002op_repc,0xfe,handler,_reserved_repc
upd9002op_repc,0xff,handler,_reserved_repc
upd9002op_repe,0x00,handler,_add_ea_r8
upd9002op_repe,0x01,handler,_add_ea_r16
upd9002op_repe,0x02,handler,_add_r8_ea
upd9002op_repe,0x03,handler,_add_r16_ea
upd9002op_repe,0x04,handler,_add_al_data8
upd9002op_repe,0x05,handler,_add_ax_data16
upd9002op_repe,0x06,handler,_push_es
upd9002op_repe,0x07,handler,_pop_es
upd9002op_repe,0x08,handler,_or_ea_r8
upd9002op_repe,0x09,handler,_or_ea_r16
upd9002op_repe,0x0a,handler,_or_r8_ea
upd9002op_repe,0x0b,handler,_or_r16_ea
upd9002op_repe,0x0c,handler,_or_al_data8
upd9002op_repe,0x0d,handler,_or_ax_data16
upd9002op_repe,0x0e,handler,_push_cs
upd9002op_repe,0x0f,handler,_repe_0f_diagnostic_stop
upd9002op_repe,0x10,handler,_adc_ea_r8
upd9002op_repe,0x11,handler,_adc_ea_r16
upd9002op_repe,0x12,handler,_adc_r8_ea
upd9002op_repe,0x13,handler,_adc_r16_ea
upd9002op_repe,0x14,handler,_adc_al_data8
upd9002op_repe,0x15,handler,_adc_ax_data16
upd9002op_repe,0x16,handler,_push_ss
upd9002op_repe,0x17,handler,_pop_ss
upd9002op_repe,0x18,handler,_sbb_ea_r8
upd9002op_repe,0x19,handler,_sbb_ea_r16
upd9002op_repe,0x1a,handler,_sbb_r8_ea
upd9002op_repe,0x1b,handler,_sbb_r16_ea
upd9002op_repe,0x1c,handler,_sbb_al_data8
upd9002op_repe,0x1d,handler,_sbb_ax_data16
upd9002op_repe,0x1e,handler,_push_ds
upd9002op_repe,0x1f,handler,_pop_ds
upd9002op_repe,0x20,handler,_and_ea_r8
upd9002op_repe,0x21,handler,_and_ea_r16
upd9002op_repe,0x22,handler,_and_r8_ea
upd9002op_repe,0x23,handler,_and_r16_ea
upd9002op_repe,0x24,handler,_and_al_data8
upd9002op_repe,0x25,handler,_and_ax_data16
upd9002op_repe,0x26,handler,_repe_segprefix_es
upd9002op_repe,0x27,handler,_daa
upd9002op_repe,0x28,handler,_sub_ea_r8
upd9002op_repe,0x29,handler,_sub_ea_r16
upd9002op_repe,0x2a,handler,_sub_r8_ea
upd9002op_repe,0x2b,handler,_sub_r16_ea
upd9002op_repe,0x2c,handler,_sub_al_data8
upd9002op_repe,0x2d,handler,_sub_ax_data16
upd9002op_repe,0x2e,handler,_repe_segprefix_cs
upd9002op_repe,0x2f,handler,_das
upd9002op_repe,0x30,handler,_xor_ea_r8
upd9002op_repe,0x31,handler,_xor_ea_r16
upd9002op_repe,0x32,handler,_xor_r8_ea
upd9002op_repe,0x33,handler,_xor_r16_ea
upd9002op_repe,0x34,handler,_xor_al_data8
upd9002op_repe,0x35,handler,_xor_ax_data16
upd9002op_repe,0x36,handler,_repe_segprefix_ss
upd9002op_repe,0x37,handler,_aaa
upd9002op_repe,0x38,handler,_cmp_ea_r8
upd9002op_repe,0x39,handler,_cmp_ea_r16
upd9002op_repe,0x3a,handler,_cmp_r8_ea
upd9002op_repe,0x3b,handler,_cmp_r16_ea
upd9002op_repe,0x3c,handler,_cmp_al_data8
upd9002op_repe,0x3d,handler,_cmp_ax_data16
upd9002op_repe,0x3e,handler,_repe_segprefix_ds
upd9002op_repe,0x3f,handler,_aas
upd9002op_repe,0x40,handler,_inc_ax
upd9002op_repe,0x41,handler,_inc_cx
upd9002op_repe,0x42,handler,_inc_dx
upd9002op_repe,0x43,handler,_inc_bx
upd9002op_repe,0x44,handler,_inc_sp
upd9002op_repe,0x45,handler,_inc_bp
upd9002op_repe,0x46,handler,_inc_si
upd9002op_repe,0x47,handler,_inc_di
upd9002op_repe,0x48,handler,_dec_ax
upd9002op_repe,0x49,handler,_dec_cx
upd9002op_repe,0x4a,handler,_dec_dx
upd9002op_repe,0x4b,handler,_dec_bx
upd9002op_repe,0x4c,handler,_dec_sp
upd9002op_repe,0x4d,handler,_dec_bp
upd9002op_repe,0x4e,handler,_dec_si
upd9002op_repe,0x4f,handler,_dec_di
upd9002op_repe,0x50,handler,_push_ax
upd9002op_repe,0x51,handler,_push_cx
upd9002op_repe,0x52,handler,_push_dx
upd9002op_repe,0x53,handler,_push_bx
upd9002op_repe,0x54,handler,_push_sp
upd9002op_repe,0x55,handler,_push_bp
upd9002op_repe,0x56,handler,_push_si
upd9002op_repe,0x57,handler,_push_di
upd9002op_repe,0x58,handler,_pop_ax
upd9002op_repe,0x59,handler,_pop_cx
upd9002op_repe,0x5a,handler,_pop_dx
upd9002op_repe,0x5b,handler,_pop_bx
upd9002op_repe,0x5c,handler,_pop_sp
upd9002op_repe,0x5d,handler,_pop_bp
upd9002op_repe,0x5e,handler,_pop_si
upd9002op_repe,0x5f,handler,_pop_di
upd9002op_repe,0x60,handler,_pusha
upd9002op_repe,0x61,handler,_popa
upd9002op_repe,0x62,handler,_bound
upd9002op_repe,0x63,handler,_reserved_no_int
upd9002op_repe,0x64,handler,_repnc
upd9002op_repe,0x65,handler,_repc
upd9002op_repe,0x66,handler,_reserved_no_int
upd9002op_repe,0x67,handler,_reserved_no_int
upd9002op_repe,0x68,handler,_push_data16
upd9002op_repe,0x69,handler,_imul_reg_ea_data16
upd9002op_repe,0x6a,handler,_push_data8
upd9002op_repe,0x6b,handler,_imul_reg_ea_data8
upd9002op_repe,0x6c,handler,upd9002_rep_insb
upd9002op_repe,0x6d,handler,upd9002_rep_insw
upd9002op_repe,0x6e,handler,upd9002_rep_outsb
upd9002op_repe,0x6f,handler,upd9002_rep_outsb
upd9002op_repe,0x70,handler,_jo_short
upd9002op_repe,0x71,handler,_jno_short
upd9002op_repe,0x72,handler,_jc_short
upd9002op_repe,0x73,handler,_jnc_short
upd9002op_repe,0x74,handler,_jz_short
upd9002op_repe,0x75,handler,_jnz_short
upd9002op_repe,0x76,handler,_jna_short
upd9002op_repe,0x77,handler,_ja_short
upd9002op_repe,0x78,handler,_js_short
upd9002op_repe,0x79,handler,_jns_short
upd9002op_repe,0x7a,handler,_jp_short
upd9002op_repe,0x7b,handler,_jnp_short
upd9002op_repe,0x7c,handler,_jl_short
upd9002op_repe,0x7d,handler,_jnl_short
upd9002op_repe,0x7e,handler,_jle_short
upd9002op_repe,0x7f,handler,_jnle_short
upd9002op_repe,0x80,handler,_calc_ea8_i8
upd9002op_repe,0x81,handler,_calc_ea16_i16
upd9002op_repe,0x82,handler,_calc_ea8_i8
upd9002op_repe,0x83,handler,_calc_ea16_i8
upd9002op_repe,0x84,handler,_test_ea_r8
upd9002op_repe,0x85,handler,_test_ea_r16
upd9002op_repe,0x86,handler,_xchg_ea_r8
upd9002op_repe,0x87,handler,_xchg_ea_r16
upd9002op_repe,0x88,handler,_mov_ea_r8
upd9002op_repe,0x89,handler,_mov_ea_r16
upd9002op_repe,0x8a,handler,_mov_r8_ea
upd9002op_repe,0x8b,handler,_mov_r16_ea
upd9002op_repe,0x8c,handler,_mov_ea_seg
upd9002op_repe,0x8d,handler,_lea_r16_ea
upd9002op_repe,0x8e,handler,_mov_seg_ea
upd9002op_repe,0x8f,handler,_pop_ea
upd9002op_repe,0x90,handler,_nop
upd9002op_repe,0x91,handler,_xchg_ax_cx
upd9002op_repe,0x92,handler,_xchg_ax_dx
upd9002op_repe,0x93,handler,_xchg_ax_bx
upd9002op_repe,0x94,handler,_xchg_ax_sp
upd9002op_repe,0x95,handler,_xchg_ax_bp
upd9002op_repe,0x96,handler,_xchg_ax_si
upd9002op_repe,0x97,handler,_xchg_ax_di
upd9002op_repe,0x98,handler,_cbw
upd9002op_repe,0x99,handler,_cwd
upd9002op_repe,0x9a,handler,_call_far
upd9002op_repe,0x9b,handler,_wait
upd9002op_repe,0x9c,handler,_pushf
upd9002op_repe,0x9d,handler,_popf
upd9002op_repe,0x9e,handler,_sahf
upd9002op_repe,0x9f,handler,_lahf
upd9002op_repe,0xa0,handler,_mov_al_m8
upd9002op_repe,0xa1,handler,_mov_ax_m16
upd9002op_repe,0xa2,handler,_mov_m8_al
upd9002op_repe,0xa3,handler,_mov_m16_ax
upd9002op_repe,0xa4,handler,upd9002_rep_movsb
upd9002op_repe,0xa5,handler,upd9002_rep_movsw
upd9002op_repe,0xa6,handler,upd9002_repe_cmpsb
upd9002op_repe,0xa7,handler,upd9002_repe_cmpsw
upd9002op_repe,0xa8,handler,_test_al_data8
upd9002op_repe,0xa9,handler,_test_ax_data16
upd9002op_repe,0xaa,handler,upd9002_rep_stosb
upd9002op_repe,0xab,handler,upd9002_rep_stosw
upd9002op_repe,0xac,handler,upd9002_rep_lodsb
upd9002op_repe,0xad,handler,upd9002_rep_lodsw
upd9002op_repe,0xae,handler,upd9002_repe_scasb
upd9002op_repe,0xaf,handler,upd9002_repe_scasw
upd9002op_repe,0xb0,handler,_mov_al_imm
upd9002op_repe,0xb1,handler,_mov_cl_imm
upd9002op_repe,0xb2,handler,_mov_dl_imm
upd9002op_repe,0xb3,handler,_mov_bl_imm
upd9002op_repe,0xb4,handler,_mov_ah_imm
upd9002op_repe,0xb5,handler,_mov_ch_imm
upd9002op_repe,0xb6,handler,_mov_dh_imm
upd9002op_repe,0xb7,handler,_mov_bh_imm
upd9002op_repe,0xb8,handler,_mov_ax_imm
upd9002op_repe,0xb9,handler,_mov_cx_imm
upd9002op_repe,0xba,handler,_mov_dx_imm
upd9002op_repe,0xbb,handler,_mov_bx_imm
upd9002op_repe,0xbc,handler,_mov_sp_imm
upd9002op_repe,0xbd,handler,_mov_bp_imm
upd9002op_repe,0xbe,handler,_mov_si_imm
upd9002op_repe,0xbf,handler,_mov_di_imm
upd9002op_repe,0xc0,handler,_shift_ea8_data8
upd9002op_repe,0xc1,handler,_shift_ea16_data8
upd9002op_repe,0xc2,handler,_ret_near_data16
upd9002op_repe,0xc3,handler,_ret_near
upd9002op_repe,0xc4,handler,_les_r16_ea
upd9002op_repe,0xc5,handler,_lds_r16_ea
upd9002op_repe,0xc6,handler,_mov_ea8_data8
upd9002op_repe,0xc7,handler,_mov_ea16_data16
upd9002op_repe,0xc8,handler,_enter
upd9002op_repe,0xc9,handler,fleave
upd9002op_repe,0xca,handler,_ret_far_data16
upd9002op_repe,0xcb,handler,_ret_far
upd9002op_repe,0xcc,handler,_int_03
upd9002op_repe,0xcd,handler,_int_data8
upd9002op_repe,0xce,handler,_into
upd9002op_repe,0xcf,handler,_iret
upd9002op_repe,0xd0,handler,_shift_ea8_1
upd9002op_repe,0xd1,handler,_shift_ea16_1
upd9002op_repe,0xd2,handler,_shift_ea8_cl
upd9002op_repe,0xd3,handler,_shift_ea16_cl
upd9002op_repe,0xd4,handler,_aam
upd9002op_repe,0xd5,handler,_aad
upd9002op_repe,0xd6,handler,_xlat
upd9002op_repe,0xd7,handler,_xlat
upd9002op_repe,0xd8,handler,_esc
upd9002op_repe,0xd9,handler,_esc
upd9002op_repe,0xda,handler,_esc
upd9002op_repe,0xdb,handler,_esc
upd9002op_repe,0xdc,handler,_esc
upd9002op_repe,0xdd,handler,_esc
upd9002op_repe,0xde,handler,_esc
upd9002op_repe,0xdf,handler,_esc
upd9002op_repe,0xe0,handler,_loopnz
upd9002op_repe,0xe1,handler,_loopz
upd9002op_repe,0xe2,handler,_loop
upd9002op_repe,0xe3,handler,_jcxz
upd9002op_repe,0xe4,handler,_in_al_data8
upd9002op_repe,0xe5,handler,_in_ax_data8
upd9002op_repe,0xe6,handler,_out_data8_al
upd9002op_repe,0xe7,handler,_out_data8_ax
upd9002op_repe,0xe8,handler,_call_near
upd9002op_repe,0xe9,handler,_jmp_near
upd9002op_repe,0xea,handler,_jmp_far
upd9002op_repe,0xeb,handler,_jmp_short
upd9002op_repe,0xec,handler,_in_al_dx
upd9002op_repe,0xed,handler,_in_ax_dx
upd9002op_repe,0xee,handler,_out_dx_al
upd9002op_repe,0xef,handler,_out_dx_ax
upd9002op_repe,0xf0,handler,_lock
upd9002op_repe,0xf1,handler,_lock
upd9002op_repe,0xf2,handler,_repne
upd9002op_repe,0xf3,handler,_repe
upd9002op_repe,0xf4,handler,_hlt
upd9002op_repe,0xf5,handler,_cmc
upd9002op_repe,0xf6,handler,_ope0xf6
upd9002op_repe,0xf7,handler,_ope0xf7
upd9002op_repe,0xf8,handler,_clc
upd9002op_repe,0xf9,handler,_stc
upd9002op_repe,0xfa,handler,_cli
upd9002op_repe,0xfb,handler,_sti
upd9002op_repe,0xfc,handler,_cld
upd9002op_repe,0xfd,handler,_std
upd9002op_repe,0xfe,handler,_ope0xfe
upd9002op_repe,0xff,handler,_ope0xff
upd9002op_repnc,0x00,handler,_reserved_repnc
upd9002op_repnc,0x01,handler,_reserved_repnc
upd9002op_repnc,0x02,handler,_reserved_repnc
upd9002op_repnc,0x03,handler,_reserved_repnc
upd9002op_repnc,0x04,handler,_reserved_repnc
upd9002op_repnc,0x05,handler,_reserved_repnc
upd9002op_repnc,0x06,handler,_reserved_repnc
upd9002op_repnc,0x07,handler,_reserved_repnc
upd9002op_repnc,0x08,handler,_reserved_repnc
upd9002op_repnc,0x09,handler,_reserved_repnc
upd9002op_repnc,0x0a,handler,_reserved_repnc
upd9002op_repnc,0x0b,handler,_reserved_repnc
upd9002op_repnc,0x0c,handler,_reserved_repnc
upd9002op_repnc,0x0d,handler,_reserved_repnc
upd9002op_repnc,0x0e,handler,_reserved_repnc
upd9002op_repnc,0x0f,handler,_reserved_repnc
upd9002op_repnc,0x10,handler,_reserved_repnc
upd9002op_repnc,0x11,handler,_reserved_repnc
upd9002op_repnc,0x12,handler,_reserved_repnc
upd9002op_repnc,0x13,handler,_reserved_repnc
upd9002op_repnc,0x14,handler,_reserved_repnc
upd9002op_repnc,0x15,handler,_reserved_repnc
upd9002op_repnc,0x16,handler,_reserved_repnc
upd9002op_repnc,0x17,handler,_reserved_repnc
upd9002op_repnc,0x18,handler,_reserved_repnc
upd9002op_repnc,0x19,handler,_reserved_repnc
upd9002op_repnc,0x1a,handler,_reserved_repnc
upd9002op_repnc,0x1b,handler,_reserved_repnc
upd9002op_repnc,0x1c,handler,_reserved_repnc
upd9002op_repnc,0x1d,handler,_reserved_repnc
upd9002op_repnc,0x1e,handler,_reserved_repnc
upd9002op_repnc,0x1f,handler,_reserved_repnc
upd9002op_repnc,0x20,handler,_reserved_repnc
upd9002op_repnc,0x21,handler,_reserved_repnc
upd9002op_repnc,0x22,handler,_reserved_repnc
upd9002op_repnc,0x23,handler,_reserved_repnc
upd9002op_repnc,0x24,handler,_reserved_repnc
upd9002op_repnc,0x25,handler,_reserved_repnc
upd9002op_repnc,0x26,handler,_repnc_segprefix_es
upd9002op_repnc,0x27,handler,_reserved_repnc
upd9002op_repnc,0x28,handler,_reserved_repnc
upd9002op_repnc,0x29,handler,_reserved_repnc
upd9002op_repnc,0x2a,handler,_reserved_repnc
upd9002op_repnc,0x2b,handler,_reserved_repnc
upd9002op_repnc,0x2c,handler,_reserved_repnc
upd9002op_repnc,0x2d,handler,_reserved_repnc
upd9002op_repnc,0x2e,handler,_repnc_segprefix_cs
upd9002op_repnc,0x2f,handler,_reserved_repnc
upd9002op_repnc,0x30,handler,_reserved_repnc
upd9002op_repnc,0x31,handler,_reserved_repnc
upd9002op_repnc,0x32,handler,_reserved_repnc
upd9002op_repnc,0x33,handler,_reserved_repnc
upd9002op_repnc,0x34,handler,_reserved_repnc
upd9002op_repnc,0x35,handler,_reserved_repnc
upd9002op_repnc,0x36,handler,_repnc_segprefix_ss
upd9002op_repnc,0x37,handler,_reserved_repnc
upd9002op_repnc,0x38,handler,_reserved_repnc
upd9002op_repnc,0x39,handler,_reserved_repnc
upd9002op_repnc,0x3a,handler,_reserved_repnc
upd9002op_repnc,0x3b,handler,_reserved_repnc
upd9002op_repnc,0x3c,handler,_reserved_repnc
upd9002op_repnc,0x3d,handler,_reserved_repnc
upd9002op_repnc,0x3e,handler,_repnc_segprefix_ds
upd9002op_repnc,0x3f,handler,_reserved_repnc
upd9002op_repnc,0x40,handler,_reserved_repnc
upd9002op_repnc,0x41,handler,_reserved_repnc
upd9002op_repnc,0x42,handler,_reserved_repnc
upd9002op_repnc,0x43,handler,_reserved_repnc
upd9002op_repnc,0x44,handler,_reserved_repnc
upd9002op_repnc,0x45,handler,_reserved_repnc
upd9002op_repnc,0x46,handler,_reserved_repnc
upd9002op_repnc,0x47,handler,_reserved_repnc
upd9002op_repnc,0x48,handler,_reserved_repnc
upd9002op_repnc,0x49,handler,_reserved_repnc
upd9002op_repnc,0x4a,handler,_reserved_repnc
upd9002op_repnc,0x4b,handler,_reserved_repnc
upd9002op_repnc,0x4c,handler,_reserved_repnc
upd9002op_repnc,0x4d,handler,_reserved_repnc
upd9002op_repnc,0x4e,handler,_reserved_repnc
upd9002op_repnc,0x4f,handler,_reserved_repnc
upd9002op_repnc,0x50,handler,_reserved_repnc
upd9002op_repnc,0x51,handler,_reserved_repnc
upd9002op_repnc,0x52,handler,_reserved_repnc
upd9002op_repnc,0x53,handler,_reserved_repnc
upd9002op_repnc,0x54,handler,_reserved_repnc
upd9002op_repnc,0x55,handler,_reserved_repnc
upd9002op_repnc,0x56,handler,_reserved_repnc
upd9002op_repnc,0x57,handler,_reserved_repnc
upd9002op_repnc,0x58,handler,_reserved_repnc
upd9002op_repnc,0x59,handler,_reserved_repnc
upd9002op_repnc,0x5a,handler,_reserved_repnc
upd9002op_repnc,0x5b,handler,_reserved_repnc
upd9002op_repnc,0x5c,handler,_reserved_repnc
upd9002op_repnc,0x5d,handler,_reserved_repnc
upd9002op_repnc,0x5e,handler,_reserved_repnc
upd9002op_repnc,0x5f,handler,_reserved_repnc
upd9002op_repnc,0x60,handler,_reserved_repnc
upd9002op_repnc,0x61,handler,_reserved_repnc
upd9002op_repnc,0x62,handler,_reserved_repnc
upd9002op_repnc,0x63,handler,_reserved_repnc
upd9002op_repnc,0x64,handler,_repnc
upd9002op_repnc,0x65,handler,_repc
upd9002op_repnc,0x66,handler,_reserved_repnc
upd9002op_repnc,0x67,handler,_reserved_repnc
upd9002op_repnc,0x68,handler,_reserved_repnc
upd9002op_repnc,0x69,handler,_reserved_repnc
upd9002op_repnc,0x6a,handler,_reserved_repnc
upd9002op_repnc,0x6b,handler,_reserved_repnc
upd9002op_repnc,0x6c,handler,_reserved_repnc
upd9002op_repnc,0x6d,handler,_reserved_repnc
upd9002op_repnc,0x6e,handler,_reserved_repnc
upd9002op_repnc,0x6f,handler,_reserved_repnc
upd9002op_repnc,0x70,handler,_reserved_repnc
upd9002op_repnc,0x71,handler,_reserved_repnc
upd9002op_repnc,0x72,handler,_reserved_repnc
upd9002op_repnc,0x73,handler,_reserved_repnc
upd9002op_repnc,0x74,handler,_reserved_repnc
upd9002op_repnc,0x75,handler,_reserved_repnc
upd9002op_repnc,0x76,handler,_reserved_repnc
upd9002op_repnc,0x77,handler,_reserved_repnc
upd9002op_repnc,0x78,handler,_reserved_repnc
upd9002op_repnc,0x79,handler,_reserved_repnc
upd9002op_repnc,0x7a,handler,_reserved_repnc
upd9002op_repnc,0x7b,handler,_reserved_repnc
upd9002op_repnc,0x7c,handler,_reserved_repnc
upd9002op_repnc,0x7d,handler,_reserved_repnc
upd9002op_repnc,0x7e,handler,_reserved_repnc
upd9002op_repnc,0x7f,handler,_reserved_repnc
upd9002op_repnc,0x80,handler,_reserved_repnc
upd9002op_repnc,0x81,handler,_reserved_repnc
upd9002op_repnc,0x82,handler,_reserved_repnc
upd9002op_repnc,0x83,handler,_reserved_repnc
upd9002op_repnc,0x84,handler,_reserved_repnc
upd9002op_repnc,0x85,handler,_reserved_repnc
upd9002op_repnc,0x86,handler,_reserved_repnc
upd9002op_repnc,0x87,handler,_reserved_repnc
upd9002op_repnc,0x88,handler,_reserved_repnc
upd9002op_repnc,0x89,handler,_reserved_repnc
upd9002op_repnc,0x8a,handler,_reserved_repnc
upd9002op_repnc,0x8b,handler,_reserved_repnc
upd9002op_repnc,0x8c,handler,_reserved_repnc
upd9002op_repnc,0x8d,handler,_reserved_repnc
upd9002op_repnc,0x8e,handler,_reserved_repnc
upd9002op_repnc,0x8f,handler,_reserved_repnc
upd9002op_repnc,0x90,handler,_reserved_repnc
upd9002op_repnc,0x91,handler,_reserved_repnc
upd9002op_repnc,0x92,handler,_reserved_repnc
upd9002op_repnc,0x93,handler,_reserved_repnc
upd9002op_repnc,0x94,handler,_reserved_repnc
upd9002op_repnc,0x95,handler,_reserved_repnc
upd9002op_repnc,0x96,handler,_reserved_repnc
upd9002op_repnc,0x97,handler,_reserved_repnc
upd9002op_repnc,0x98,handler,_reserved_repnc
upd9002op_repnc,0x99,handler,_reserved_repnc
upd9002op_repnc,0x9a,handler,_reserved_repnc
upd9002op_repnc,0x9b,handler,_reserved_repnc
upd9002op_repnc,0x9c,handler,_reserved_repnc
upd9002op_repnc,0x9d,handler,_reserved_repnc
upd9002op_repnc,0x9e,handler,_reserved_repnc
upd9002op_repnc,0x9f,handler,_reserved_repnc
upd9002op_repnc,0xa0,handler,_reserved_repnc
upd9002op_repnc,0xa1,handler,_reserved_repnc
upd9002op_repnc,0xa2,handler,_reserved_repnc
upd9002op_repnc,0xa3,handler,_reserved_repnc
upd9002op_repnc,0xa4,handler,upd9002_repnc_movsb
upd9002op_repnc,0xa5,handler,upd9002_repnc_movsw
upd9002op_repnc,0xa6,handler,upd9002_repnc_cmpsb
upd9002op_repnc,0xa7,handler,upd9002_repnc_cmpsw
upd9002op_repnc,0xa8,handler,_reserved_repnc
upd9002op_repnc,0xa9,handler,_reserved_repnc
upd9002op_repnc,0xaa,handler,upd9002_repnc_stosb
upd9002op_repnc,0xab,handler,upd9002_repnc_stosw
upd9002op_repnc,0xac,handler,upd9002_repnc_lodsb
upd9002op_repnc,0xad,handler,upd9002_repnc_lodsw
upd9002op_repnc,0xae,handler,upd9002_repnc_scasb
upd9002op_repnc,0xaf,handler,upd9002_repnc_scasw
upd9002op_repnc,0xb0,handler,_reserved_repnc
upd9002op_repnc,0xb1,handler,_reserved_repnc
upd9002op_repnc,0xb2,handler,_reserved_repnc
upd9002op_repnc,0xb3,handler,_reserved_repnc
upd9002op_repnc,0xb4,handler,_reserved_repnc
upd9002op_repnc,0xb5,handler,_reserved_repnc
upd9002op_repnc,0xb6,handler,_reserved_repnc
upd9002op_repnc,0xb7,handler,_reserved_repnc
upd9002op_repnc,0xb8,handler,_reserved_repnc
upd9002op_repnc,0xb9,handler,_reserved_repnc
upd9002op_repnc,0xba,handler,_reserved_repnc
upd9002op_repnc,0xbb,handler,_reserved_repnc
upd9002op_repnc,0xbc,handler,_reserved_repnc
upd9002op_repnc,0xbd,handler,_reserved_repnc
upd9002op_repnc,0xbe,handler,_reserved_repnc
upd9002op_repnc,0xbf,handler,_reserved_repnc
upd9002op_repnc,0xc0,handler,_reserved_repnc
upd9002op_repnc,0xc1,handler,_reserved_repnc
upd9002op_repnc,0xc2,handler,_reserved_repnc
upd9002op_repnc,0xc3,handler,_reserved_repnc
upd9002op_repnc,0xc4,handler,_reserved_repnc
upd9002op_repnc,0xc5,handler,_reserved_repnc
upd9002op_repnc,0xc6,handler,_reserved_repnc
upd9002op_repnc,0xc7,handler,_reserved_repnc
upd9002op_repnc,0xc8,handler,_reserved_repnc
upd9002op_repnc,0xc9,handler,_reserved_repnc
upd9002op_repnc,0xca,handler,_reserved_repnc
upd9002op_repnc,0xcb,handler,_reserved_repnc
upd9002op_repnc,0xcc,handler,_reserved_repnc
upd9002op_repnc,0xcd,handler,_reserved_repnc
upd9002op_repnc,0xce,handler,_reserved_repnc
upd9002op_repnc,0xcf,handler,_reserved_repnc
upd9002op_repnc,0xd0,handler,_reserved_repnc
upd9002op_repnc,0xd1,handler,_reserved_repnc
upd9002op_repnc,0xd2,handler,_reserved_repnc
upd9002op_repnc,0xd3,handler,_reserved_repnc
upd9002op_repnc,0xd4,handler,_reserved_repnc
upd9002op_repnc,0xd5,handler,_reserved_repnc
upd9002op_repnc,0xd6,handler,_reserved_repnc
upd9002op_repnc,0xd7,handler,_reserved_repnc
upd9002op_repnc,0xd8,handler,_reserved_repnc
upd9002op_repnc,0xd9,handler,_reserved_repnc
upd9002op_repnc,0xda,handler,_reserved_repnc
upd9002op_repnc,0xdb,handler,_reserved_repnc
upd9002op_repnc,0xdc,handler,_reserved_repnc
upd9002op_repnc,0xdd,handler,_reserved_repnc
upd9002op_repnc,0xde,handler,_reserved_repnc
upd9002op_repnc,0xdf,handler,_reserved_repnc
upd9002op_repnc,0xe0,handler,_reserved_repnc
upd9002op_repnc,0xe1,handler,_reserved_repnc
upd9002op_repnc,0xe2,handler,_reserved_repnc
upd9002op_repnc,0xe3,handler,_reserved_repnc
upd9002op_repnc,0xe4,handler,_reserved_repnc
upd9002op_repnc,0xe5,handler,_reserved_repnc
upd9002op_repnc,0xe6,handler,_reserved_repnc
upd9002op_repnc,0xe7,handler,_reserved_repnc
upd9002op_repnc,0xe8,handler,_reserved_repnc
upd9002op_repnc,0xe9,handler,_reserved_repnc
upd9002op_repnc,0xea,handler,_reserved_repnc
upd9002op_repnc,0xeb,handler,_reserved_repnc
upd9002op_repnc,0xec,handler,_reserved_repnc
upd9002op_repnc,0xed,handler,_reserved_repnc
upd9002op_repnc,0xee,handler,_reserved_repnc
upd9002op_repnc,0xef,handler,_reserved_repnc
upd9002op_repnc,0xf0,handler,_reserved_repnc
upd9002op_repnc,0xf1,handler,_reserved_repnc
upd9002op_repnc,0xf2,handler,_repne
upd9002op_repnc,0xf3,handler,_repe
upd9002op_repnc,0xf4,handler,_reserved_repnc
upd9002op_repnc,0xf5,handler,_reserved_repnc
upd9002op_repnc,0xf6,handler,_reserved_repnc
upd9002op_repnc,0xf7,handler,_reserved_repnc
upd9002op_repnc,0xf8,handler,_reserved_repnc
upd9002op_repnc,0xf9,handler,_reserved_repnc
upd9002op_repnc,0xfa,handler,_reserved_repnc
upd9002op_repnc,0xfb,handler,_reserved_repnc
upd9002op_repnc,0xfc,handler,_reserved_repnc
upd9002op_repnc,0xfd,handler,_reserved_repnc
upd9002op_repnc,0xfe,handler,_reserved_repnc
upd9002op_repnc,0xff,handler,_reserved_repnc
upd9002op_repne,0x00,handler,_add_ea_r8
upd9002op_repne,0x01,handler,_add_ea_r16
upd9002op_repne,0x02,handler,_add_r8_ea
upd9002op_repne,0x03,handler,_add_r16_ea
upd9002op_repne,0x04,handler,_add_al_data8
upd9002op_repne,0x05,handler,_add_ax_data16
upd9002op_repne,0x06,handler,_push_es
upd9002op_repne,0x07,handler,_pop_es
upd9002op_repne,0x08,handler,_or_ea_r8
upd9002op_repne,0x09,handler,_or_ea_r16
upd9002op_repne,0x0a,handler,_or_r8_ea
upd9002op_repne,0x0b,handler,_or_r16_ea
upd9002op_repne,0x0c,handler,_or_al_data8
upd9002op_repne,0x0d,handler,_or_ax_data16
upd9002op_repne,0x0e,handler,_push_cs
upd9002op_repne,0x0f,handler,_repne_0f_diagnostic_stop
upd9002op_repne,0x10,handler,_adc_ea_r8
upd9002op_repne,0x11,handler,_adc_ea_r16
upd9002op_repne,0x12,handler,_adc_r8_ea
upd9002op_repne,0x13,handler,_adc_r16_ea
upd9002op_repne,0x14,handler,_adc_al_data8
upd9002op_repne,0x15,handler,_adc_ax_data16
upd9002op_repne,0x16,handler,_push_ss
upd9002op_repne,0x17,handler,_pop_ss
upd9002op_repne,0x18,handler,_sbb_ea_r8
upd9002op_repne,0x19,handler,_sbb_ea_r16
upd9002op_repne,0x1a,handler,_sbb_r8_ea
upd9002op_repne,0x1b,handler,_sbb_r16_ea
upd9002op_repne,0x1c,handler,_sbb_al_data8
upd9002op_repne,0x1d,handler,_sbb_ax_data16
upd9002op_repne,0x1e,handler,_push_ds
upd9002op_repne,0x1f,handler,_pop_ds
upd9002op_repne,0x20,handler,_and_ea_r8
upd9002op_repne,0x21,handler,_and_ea_r16
upd9002op_repne,0x22,handler,_and_r8_ea
upd9002op_repne,0x23,handler,_and_r16_ea
upd9002op_repne,0x24,handler,_and_al_data8
upd9002op_repne,0x25,handler,_and_ax_data16
upd9002op_repne,0x26,handler,_repne_segprefix_es
upd9002op_repne,0x27,handler,_daa
upd9002op_repne,0x28,handler,_sub_ea_r8
upd9002op_repne,0x29,handler,_sub_ea_r16
upd9002op_repne,0x2a,handler,_sub_r8_ea
upd9002op_repne,0x2b,handler,_sub_r16_ea
upd9002op_repne,0x2c,handler,_sub_al_data8
upd9002op_repne,0x2d,handler,_sub_ax_data16
upd9002op_repne,0x2e,handler,_repne_segprefix_cs
upd9002op_repne,0x2f,handler,_das
upd9002op_repne,0x30,handler,_xor_ea_r8
upd9002op_repne,0x31,handler,_xor_ea_r16
upd9002op_repne,0x32,handler,_xor_r8_ea
upd9002op_repne,0x33,handler,_xor_r16_ea
upd9002op_repne,0x34,handler,_xor_al_data8
upd9002op_repne,0x35,handler,_xor_ax_data16
upd9002op_repne,0x36,handler,_repne_segprefix_ss
upd9002op_repne,0x37,handler,_aaa
upd9002op_repne,0x38,handler,_cmp_ea_r8
upd9002op_repne,0x39,handler,_cmp_ea_r16
upd9002op_repne,0x3a,handler,_cmp_r8_ea
upd9002op_repne,0x3b,handler,_cmp_r16_ea
upd9002op_repne,0x3c,handler,_cmp_al_data8
upd9002op_repne,0x3d,handler,_cmp_ax_data16
upd9002op_repne,0x3e,handler,_repne_segprefix_ds
upd9002op_repne,0x3f,handler,_aas
upd9002op_repne,0x40,handler,_inc_ax
upd9002op_repne,0x41,handler,_inc_cx
upd9002op_repne,0x42,handler,_inc_dx
upd9002op_repne,0x43,handler,_inc_bx
upd9002op_repne,0x44,handler,_inc_sp
upd9002op_repne,0x45,handler,_inc_bp
upd9002op_repne,0x46,handler,_inc_si
upd9002op_repne,0x47,handler,_inc_di
upd9002op_repne,0x48,handler,_dec_ax
upd9002op_repne,0x49,handler,_dec_cx
upd9002op_repne,0x4a,handler,_dec_dx
upd9002op_repne,0x4b,handler,_dec_bx
upd9002op_repne,0x4c,handler,_dec_sp
upd9002op_repne,0x4d,handler,_dec_bp
upd9002op_repne,0x4e,handler,_dec_si
upd9002op_repne,0x4f,handler,_dec_di
upd9002op_repne,0x50,handler,_push_ax
upd9002op_repne,0x51,handler,_push_cx
upd9002op_repne,0x52,handler,_push_dx
upd9002op_repne,0x53,handler,_push_bx
upd9002op_repne,0x54,handler,_push_sp
upd9002op_repne,0x55,handler,_push_bp
upd9002op_repne,0x56,handler,_push_si
upd9002op_repne,0x57,handler,_push_di
upd9002op_repne,0x58,handler,_pop_ax
upd9002op_repne,0x59,handler,_pop_cx
upd9002op_repne,0x5a,handler,_pop_dx
upd9002op_repne,0x5b,handler,_pop_bx
upd9002op_repne,0x5c,handler,_pop_sp
upd9002op_repne,0x5d,handler,_pop_bp
upd9002op_repne,0x5e,handler,_pop_si
upd9002op_repne,0x5f,handler,_pop_di
upd9002op_repne,0x60,handler,_pusha
upd9002op_repne,0x61,handler,_popa
upd9002op_repne,0x62,handler,_bound
upd9002op_repne,0x63,handler,_reserved_no_int
upd9002op_repne,0x64,handler,_repnc
upd9002op_repne,0x65,handler,_repc
upd9002op_repne,0x66,handler,_reserved_no_int
upd9002op_repne,0x67,handler,_reserved_no_int
upd9002op_repne,0x68,handler,_push_data16
upd9002op_repne,0x69,handler,_imul_reg_ea_data16
upd9002op_repne,0x6a,handler,_push_data8
upd9002op_repne,0x6b,handler,_imul_reg_ea_data8
upd9002op_repne,0x6c,handler,upd9002_rep_insb
upd9002op_repne,0x6d,handler,upd9002_rep_insw
upd9002op_repne,0x6e,handler,upd9002_rep_outsb
upd9002op_repne,0x6f,handler,upd9002_rep_outsb
upd9002op_repne,0x70,handler,_jo_short
upd9002op_repne,0x71,handler,_jno_short
upd9002op_repne,0x72,handler,_jc_short
upd9002op_repne,0x73,handler,_jnc_short
upd9002op_repne,0x74,handler,_jz_short
upd9002op_repne,0x75,handler,_jnz_short
upd9002op_repne,0x76,handler,_jna_short
upd9002op_repne,0x77,handler,_ja_short
upd9002op_repne,0x78,handler,_js_short
upd9002op_repne,0x79,handler,_jns_short
upd9002op_repne,0x7a,handler,_jp_short
upd9002op_repne,0x7b,handler,_jnp_short
upd9002op_repne,0x7c,handler,_jl_short
upd9002op_repne,0x7d,handler,_jnl_short
upd9002op_repne,0x7e,handler,_jle_short
upd9002op_repne,0x7f,handler,_jnle_short
upd9002op_repne,0x80,handler,_calc_ea8_i8
upd9002op_repne,0x81,handler,_calc_ea16_i16
upd9002op_repne,0x82,handler,_calc_ea8_i8
upd9002op_repne,0x83,handler,_calc_ea16_i8
upd9002op_repne,0x84,handler,_test_ea_r8
upd9002op_repne,0x85,handler,_test_ea_r16
upd9002op_repne,0x86,handler,_xchg_ea_r8
upd9002op_repne,0x87,handler,_xchg_ea_r16
upd9002op_repne,0x88,handler,_mov_ea_r8
upd9002op_repne,0x89,handler,_mov_ea_r16
upd9002op_repne,0x8a,handler,_mov_r8_ea
upd9002op_repne,0x8b,handler,_mov_r16_ea
upd9002op_repne,0x8c,handler,_mov_ea_seg
upd9002op_repne,0x8d,handler,_lea_r16_ea
upd9002op_repne,0x8e,handler,_mov_seg_ea
upd9002op_repne,0x8f,handler,_pop_ea
upd9002op_repne,0x90,handler,_nop
upd9002op_repne,0x91,handler,_xchg_ax_cx
upd9002op_repne,0x92,handler,_xchg_ax_dx
upd9002op_repne,0x93,handler,_xchg_ax_bx
upd9002op_repne,0x94,handler,_xchg_ax_sp
upd9002op_repne,0x95,handler,_xchg_ax_bp
upd9002op_repne,0x96,handler,_xchg_ax_si
upd9002op_repne,0x97,handler,_xchg_ax_di
upd9002op_repne,0x98,handler,_cbw
upd9002op_repne,0x99,handler,_cwd
upd9002op_repne,0x9a,handler,_call_far
upd9002op_repne,0x9b,handler,_wait
upd9002op_repne,0x9c,handler,_pushf
upd9002op_repne,0x9d,handler,_popf
upd9002op_repne,0x9e,handler,_sahf
upd9002op_repne,0x9f,handler,_lahf
upd9002op_repne,0xa0,handler,_mov_al_m8
upd9002op_repne,0xa1,handler,_mov_ax_m16
upd9002op_repne,0xa2,handler,_mov_m8_al
upd9002op_repne,0xa3,handler,_mov_m16_ax
upd9002op_repne,0xa4,handler,upd9002_rep_movsb
upd9002op_repne,0xa5,handler,upd9002_rep_movsw
upd9002op_repne,0xa6,handler,upd9002_repne_cmpsb
upd9002op_repne,0xa7,handler,upd9002_repne_cmpsw
upd9002op_repne,0xa8,handler,_test_al_data8
upd9002op_repne,0xa9,handler,_test_ax_data16
upd9002op_repne,0xaa,handler,upd9002_rep_stosb
upd9002op_repne,0xab,handler,upd9002_rep_stosw
upd9002op_repne,0xac,handler,upd9002_rep_lodsb
upd9002op_repne,0xad,handler,upd9002_rep_lodsw
upd9002op_repne,0xae,handler,upd9002_repne_scasb
upd9002op_repne,0xaf,handler,upd9002_repne_scasw
upd9002op_repne,0xb0,handler,_mov_al_imm
upd9002op_repne,0xb1,handler,_mov_cl_imm
upd9002op_repne,0xb2,handler,_mov_dl_imm
upd9002op_repne,0xb3,handler,_mov_bl_imm
upd9002op_repne,0xb4,handler,_mov_ah_imm
upd9002op_repne,0xb5,handler,_mov_ch_imm
upd9002op_repne,0xb6,handler,_mov_dh_imm
upd9002op_repne,0xb7,handler,_mov_bh_imm
upd9002op_repne,0xb8,handler,_mov_ax_imm
upd9002op_repne,0xb9,handler,_mov_cx_imm
upd9002op_repne,0xba,handler,_mov_dx_imm
upd9002op_repne,0xbb,handler,_mov_bx_imm
upd9002op_repne,0xbc,handler,_mov_sp_imm
upd9002op_repne,0xbd,handler,_mov_bp_imm
upd9002op_repne,0xbe,handler,_mov_si_imm
upd9002op_repne,0xbf,handler,_mov_di_imm
upd9002op_repne,0xc0,handler,_shift_ea8_data8
upd9002op_repne,0xc1,handler,_shift_ea16_data8
upd9002op_repne,0xc2,handler,_ret_near_data16
upd9002op_repne,0xc3,handler,_ret_near
upd9002op_repne,0xc4,handler,_les_r16_ea
upd9002op_repne,0xc5,handler,_lds_r16_ea
upd9002op_repne,0xc6,handler,_mov_ea8_data8
upd9002op_repne,0xc7,handler,_mov_ea16_data16
upd9002op_repne,0xc8,handler,_enter
upd9002op_repne,0xc9,handler,fleave
upd9002op_repne,0xca,handler,_ret_far_data16
upd9002op_repne,0xcb,handler,_ret_far
upd9002op_repne,0xcc,handler,_int_03
upd9002op_repne,0xcd,handler,_int_data8
upd9002op_repne,0xce,handler,_into
upd9002op_repne,0xcf,handler,_iret
upd9002op_repne,0xd0,handler,_shift_ea8_1
upd9002op_repne,0xd1,handler,_shift_ea16_1
upd9002op_repne,0xd2,handler,_shift_ea8_cl
upd9002op_repne,0xd3,handler,_shift_ea16_cl
upd9002op_repne,0xd4,handler,_aam
upd9002op_repne,0xd5,handler,_aad
upd9002op_repne,0xd6,handler,_xlat
upd9002op_repne,0xd7,handler,_xlat
upd9002op_repne,0xd8,handler,_esc
upd9002op_repne,0xd9,handler,_esc
upd9002op_repne,0xda,handler,_esc
upd9002op_repne,0xdb,handler,_esc
upd9002op_repne,0xdc,handler,_esc
upd9002op_repne,0xdd,handler,_esc
upd9002op_repne,0xde,handler,_esc
upd9002op_repne,0xdf,handler,_esc
upd9002op_repne,0xe0,handler,_loopnz
upd9002op_repne,0xe1,handler,_loopz
upd9002op_repne,0xe2,handler,_loop
upd9002op_repne,0xe3,handler,_jcxz
upd9002op_repne,0xe4,handler,_in_al_data8
upd9002op_repne,0xe5,handler,_in_ax_data8
upd9002op_repne,0xe6,handler,_out_data8_al
upd9002op_repne,0xe7,handler,_out_data8_ax
upd9002op_repne,0xe8,handler,_call_near
upd9002op_repne,0xe9,handler,_jmp_near
upd9002op_repne,0xea,handler,_jmp_far
upd9002op_repne,0xeb,handler,_jmp_short
upd9002op_repne,0xec,handler,_in_al_dx
upd9002op_repne,0xed,handler,_in_ax_dx
upd9002op_repne,0xee,handler,_out_dx_al
upd9002op_repne,0xef,handler,_out_dx_ax
upd9002op_repne,0xf0,handler,_lock
upd9002op_repne,0xf1,handler,_lock
upd9002op_repne,0xf2,handler,_repne
upd9002op_repne,0xf3,handler,_repe
upd9002op_repne,0xf4,handler,_hlt
upd9002op_repne,0xf5,handler,_cmc
upd9002op_repne,0xf6,handler,_ope0xf6
upd9002op_repne,0xf7,handler,_ope0xf7
upd9002op_repne,0xf8,handler,_clc
upd9002op_repne,0xf9,handler,_stc
upd9002op_repne,0xfa,handler,_cli
upd9002op_repne,0xfb,handler,_sti
upd9002op_repne,0xfc,handler,_cld
upd9002op_repne,0xfd,handler,_std
upd9002op_repne,0xfe,handler,_ope0xfe
upd9002op_repne,0xff,handler,_ope0xff
